{"skeleton":{"hash":"kL02PqRhpTK/M6/L2w91qnxKjv8","spine":"3.8.68","x":-463.34,"y":-505.6,"width":1442.9,"height":1345.26,"images":"/Users/linyuehan/Desktop/testcover","audio":""},"bones":[{"name":"root"},{"name":"Lark20191212-183619","parent":"root","length":182.26,"rotation":0.71,"x":75.4,"y":-105.19},{"name":"godoffortune_page10_prop01","parent":"root","length":191.46,"rotation":2.69,"x":511.9,"y":563.06}],"slots":[{"name":"Lark20191212-183619","bone":"Lark20191212-183619","attachment":"Lark20191212-183619"},{"name":"godoffortune_page10_prop01","bone":"godoffortune_page10_prop01","attachment":"godoffortune_page10_prop01"}],"skins":[{"name":"default","attachments":{"godoffortune_page10_prop01":{"godoffortune_page10_prop01":{"x":123.46,"y":24.83,"rotation":-2.69,"width":691,"height":492}},"Lark20191212-183619":{"Lark20191212-183619":{"x":-25.36,"y":111.91,"rotation":-0.71,"width":1024,"height":1024}}}}],"animations":{"animation":{"bones":{"Lark20191212-183619":{"translate":[{},{"time":0.7,"x":545.29}]}}}}}